"instance","sat_time","xsat_time","satisfiable","color"
"0",0.0173733234,0.0197172165,"no","red"
"1",0.0166296959,0.0167171955,"no","red"
"2",0.0109300613,0.0041687489,"yes","blue"
"3",0.003269434,0.0058133602,"yes","blue"
"4",0.0121884346,0.0150249004,"yes","blue"
"5",0.0033712387,0.0024087429,"yes","blue"
"6",0.0090796947,0.0087797642,"yes","blue"
"7",0.0095632076,0.0053446293,"yes","blue"
"8",0.0062351227,0.0075113773,"yes","blue"
"9",0.0155415535,0.0178318024,"no","red"
